{
    // Use IntelliSense to learn about possible attributes.
    // Hover to view descriptions of existing attributes.
    // For more information, visit: https://go.microsoft.com/fwlink/?linkid=830387
    "version": "0.2.0",
    "configurations": [
        {
            "name": "MainTests",
            "type": "gdb",
            "request": "launch",
            "target": "./Debug/sdk/core/core/test/cmocka/az_core_test",
            "cwd": "${workspaceRoot}",
            "preLaunchTask": "build"
        },
        {
            "name": "iotTests",
            "type": "gdb",
            "request": "launch",
            "target": "./Debug/sdk/iot/core/test/cmocka/az_iot_test",
            "cwd": "${workspaceRoot}",
            "preLaunchTask": "build"
        },
        {
            "name": "KeyVault IT",
            "type": "gdb",
            "request": "launch",
            "target": "./Debug/sdk/samples/keyvault/keyvault/az_keyvault_test",
            "cwd": "${workspaceRoot}",
            "preLaunchTask": "build"
        },
        {
            "name": "KeyVaultPOC",
            "type": "gdb",
            "request": "launch",
            "target": "./Debug/sdk/samples/keyvault/keyvault/samples/keys_client_example",
            "cwd": "${workspaceRoot}",
            "preLaunchTask": "build",
            // Add ids and secrets here to use it when debuging KeyVaultPOC
            "env": {
                "tenant_id": "",
                "client_id": "",
                "client_secret": "",
                "test_uri": ""
            },
        },
        {
            "name": "CurlTransportTest",
            "type": "gdb",
            "request": "launch",
            "target": "./Debug/sdk/transport_policies/curl/az_transport_curl_test",
            "cwd": "${workspaceRoot}",
            "preLaunchTask": "build",
        }
    ]
}
